{"accuracy": 0.9841425215348473, "precision": 0.9773679798826488, "recall": 1.0, "f1": 0.9885544722339974, "roc_auc": 0.9748447204968944, "fidelity": 0.9839467501957714, "rule_len": 50}